ave_fitness	ave_genome_length	ave_tree_depth	ave_tree_nodes	ave_used_codons	best_fitness	gen	invalids	max_genome_length	max_tree_depth	max_tree_nodes	max_used_codons	min_genome_length	min_tree_depth	min_tree_nodes	min_used_codons	runtime_error	time_adjust	time_taken	total_inds	total_time	
-0.6067327840613366	29.8	6.3	31.4	20.1	0.18162263748140628	0	0	75	10	78	50	3	3	3	2	5	0	198.36228370666504	10	198.36228370666504	
-0.35029753179518436	29.1	5.4	20.6	13.0	0.18162263748140628	1	6	49	9.0	53.0	33.0	3	3.0	3.0	2.0	5	0	3.19775652885437	20	201.5600402355194	
0.12841907792460108	36.6	6.0	21.2	13.4	0.7402644818379928	2	12	49	9.0	53.0	33.0	3	3.0	3.0	2.0	5	0	3.4766502380371094	30	205.03669047355652	
0.20286064397707668	38.6	7.0	21.0	13.333333333333334	0.7402644818379928	3	17	49	10.0	35.0	22.0	27	4.0	8.0	5.0	6	0	3.448655128479004	40	208.48534560203552	
0.32793435502838153	29.8	6.0	16.555555555555557	10.555555555555555	1.0691979475303086	4	19	33	7.0	25.0	16.0	25	4.0	8.0	5.0	6	0	10.25077772140503	50	218.73612332344055	
0.23876242319620883	27.6	6.444444444444445	19.11111111111111	12.11111111111111	1.0691979475303086	5	21	33	8.0	28.0	18.0	24	5.0	13.0	8.0	7	0	9.390692472457886	60	228.12681579589844	
