ave_fitness	ave_genome_length	ave_tree_depth	ave_tree_nodes	ave_used_codons	best_fitness	gen	invalids	max_genome_length	max_tree_depth	max_tree_nodes	max_used_codons	min_genome_length	min_tree_depth	min_tree_nodes	min_used_codons	runtime_error	time_adjust	time_taken	total_inds	total_time	
nan	46.0	6.3	48.1	30.8	nan	0	0	201	10	211	134	3	3	3	2	10	0	183.34157371520996	10	183.34157371520996	
nan	20.4	4.5	12.166666666666666	7.833333333333333	nan	1	5	46	9.0	44.0	28.0	3	3.0	3.0	2.0	15	0	38.33588361740112	20	221.67745733261108	
nan	11.0	4.2	8.6	5.6	nan	2	10	28	7.0	20.0	13.0	3	3.0	3.0	2.0	20	0	43.674843072891235	30	265.3523004055023	
nan	6.9	4.75	15.75	10.25	nan	3	15	29	8.0	43.0	28.0	2	3.0	3.0	2.0	25	0	21.2421875	40	286.5944879055023	
nan	19.4	5.666666666666667	19.166666666666668	12.166666666666666	nan	4	19	42	8.0	37.0	24.0	3	4.0	8.0	5.0	31	0	29.958653688430786	50	316.5531415939331	
nan	10.4	4.333333333333333	10.666666666666666	6.666666666666667	nan	5	22	38	7.0	29.0	18.0	3	3.0	3.0	2.0	38	0	2.675534725189209	60	319.2286763191223	
